FirstName,LastName,EmailAddress
Syed,Abbas,syed0@adventure-works.com
Kim,Abercrombie,kim1@adventure-works.com
Hazem,Abolrous,hazem0@adventure-works.com
Pilar,Ackerman,pilar0@adventure-works.com
Jay,Adams,jay0@adventure-works.com
Francois,Ajenstat,francois0@adventure-works.com
Amy,Alberts,amy0@adventure-works.com
Greg,Alderson,greg0@adventure-works.com
Sean,Alexander,sean0@adventure-works.com
Gary,Altman,gary1@adventure-works.com
Nancy,Anderson,nancy0@adventure-works.com
Zainal,Arifin,zainal0@adventure-works.com
Dan,Bacon,dan0@adventure-works.com
Bryan,Baker,bryan0@adventure-works.com
Mary,Baker,mary1@adventure-works.com
Angela,Barbariol,angela0@adventure-works.com
David,Barber,david5@adventure-works.com
Paula,Barreto de Mattos,paula0@adventure-works.com
Wanida,Benshoof,wanida0@adventure-works.com
Karen,Berg,karen1@adventure-works.com
Karen,Berge,karen0@adventure-works.com
Andreas,Berglund,andreas0@adventure-works.com
Matthias,Berndt,matthias0@adventure-works.com
Jo,Berry,jo1@adventure-works.com
Jimmy,Bischoff,jimmy0@adventure-works.com
David,Bradley,david0@adventure-works.com
Alan,Brewer,alan0@adventure-works.com
Eric,Brown,eric1@adventure-works.com
Jo,Brown,jo0@adventure-works.com
Kevin,Brown,kevin0@adventure-works.com
Janaina,Bueno,janaina0@adventure-works.com
John,Campbell,john0@adventure-works.com
Jun,Cao,jun0@adventure-works.com
Rob,Caron,rob1@adventure-works.com
Andrew,Cencini,andrew1@adventure-works.com
Baris,Cetinok,baris0@adventure-works.com
Sean,Chai,sean1@adventure-works.com
Sootha,Charncherngkha,sootha0@adventure-works.com
Hao,Chen,hao0@adventure-works.com
John,Chen,john2@adventure-works.com
Alice,Ciccu,alice0@adventure-works.com
Pat,Coleman,pat0@adventure-works.com
Peter,Connelly,peter1@adventure-works.com
Stephanie,Conroy,stephanie0@adventure-works.com
Patrick,Cook,patrick1@adventure-works.com
Ryan,Cornelsen,ryan0@adventure-works.com
Ovidiu,Cracium,ovidiu0@adventure-works.com
Jack,Creasey,jack1@adventure-works.com
Grant,Culbertson,grant0@adventure-works.com
Barbara,Decker,barbara0@adventure-works.com
Mary,Dempsey,mary2@adventure-works.com
Thierry,D'Hers,thierry0@adventure-works.com
Brenda,Diaz,brenda0@adventure-works.com
JoLynn,Dobney,jolynn0@adventure-works.com
Reuben,D'sa,reuben0@adventure-works.com
Ed,Dudenhoefer,ed0@adventure-works.com
Terri,Duffy,terri0@adventure-works.com
Maciej,Dusza,maciej0@adventure-works.com
Shelley,Dyck,shelley0@adventure-works.com
Terrence,Earls,terrence0@adventure-works.com
Susan,Eaton,susan0@adventure-works.com
Ruth,Ellerbrock,ruth0@adventure-works.com
Terry,Eminhizer,terry0@adventure-works.com
Michael,Entin,michael4@adventure-works.com
Gail,Erickson,gail0@adventure-works.com
Ebru,Ersan,ebru0@adventure-works.com
Janeth,Esteves,janeth0@adventure-works.com
John,Evans,john1@adventure-works.com
Fadi,Fakhouri,fadi0@adventure-works.com
Suroor,Fatima,suroor0@adventure-works.com
Hanying,Feng,hanying0@adventure-works.com
Charles,Fitzgerald,charles0@adventure-works.com
Kathie,Flood,kathie0@adventure-works.com
Jeffrey,Ford,jeffrey0@adventure-works.com
Mihail,Frintu,mihail0@adventure-works.com
John,Frum,john3@adventure-works.com
Janice,Galvin,janice0@adventure-works.com
Mary,Gibson,mary0@adventure-works.com
Guy,Gilbert,guy1@adventure-works.com
Diane,Glimp,diane0@adventure-works.com
Scott,Gode,scott0@adventure-works.com
Jossef,Goldberg,jossef0@adventure-works.com
Brian,Goldstein,brian2@adventure-works.com
Eric,Gubbels,eric0@adventure-works.com
Erin,Hagens,erin0@adventure-works.com
Don,Hall,don0@adventure-works.com
David,Hamilton,david4@adventure-works.com
James,Hamilton,james1@adventure-works.com
Sariya,Harnpadoungsataya,sariya0@adventure-works.com
Mark,Harrington,mark0@adventure-works.com
Doris,Hartwig,doris0@adventure-works.com
Jeff,Hay,jeff0@adventure-works.com
Magnus,Hedlund,magnus0@adventure-works.com
Gordon,Hee,gordon0@adventure-works.com
Brandon,Heidepriem,brandon0@adventure-works.com
Stefen,Hesse,stefen0@adventure-works.com
Sidney,Higa,sidney0@adventure-works.com
Andrew,Hill,andrew0@adventure-works.com
Annette,Hill,annette0@adventure-works.com
Christopher,Hill,christopher0@adventure-works.com
Reinout,Hillmann,reinout0@adventure-works.com
Michael,Hines,michael0@adventure-works.com
Douglas,Hite,douglas0@adventure-works.com
Bob,Hohman,bob0@adventure-works.com
Nicole,Holliday,nicole0@adventure-works.com
Kevin,Homer,kevin2@adventure-works.com
Russell,Hunter,russell0@adventure-works.com
Marc,Ingle,marc0@adventure-works.com
Stephen,Jiang,stephen0@adventure-works.com
Barry,Johnson,barry0@adventure-works.com
David,Johnson,david1@adventure-works.com
Willis,Johnson,willis0@adventure-works.com
Wendy,Kahn,wendy0@adventure-works.com
Sandeep,Kaliyath,sandeep0@adventure-works.com
John,Kane,john4@adventure-works.com
Lori,Kane,lori0@adventure-works.com
Bonnie,Kearney,bonnie0@adventure-works.com
Kendall,Keil,kendall0@adventure-works.com
Elizabeth,Keyser,elizabeth0@adventure-works.com
Karan,Khanna,karan0@adventure-works.com
Tengiz,Kharatishvili,tengiz0@adventure-works.com
Shane,Kim,shane0@adventure-works.com
Russell,King,russell1@adventure-works.com
Christian,Kleinerman,christian0@adventure-works.com
Reed,Koch,reed0@adventure-works.com
Kirk,Koenigsbauer,kirk0@adventure-works.com
Eugene,Kogan,eugene1@adventure-works.com
Paul,Komosinski,paul0@adventure-works.com
James,Kramer,james0@adventure-works.com
Mindaugas,Krapauskas,mindaugas0@adventure-works.com
Peter,Krebs,peter0@adventure-works.com
Vamsi,Kuppa,vamsi0@adventure-works.com
Eric,Kurjan,eric2@adventure-works.com
Brian,LaMee,brian1@adventure-works.com
Rebecca,Laszlo,rebecca0@adventure-works.com
David,Lawrence,david7@adventure-works.com
Frank,Lee,frank0@adventure-works.com
Kitti,Lertpiriyasuwat,kitti0@adventure-works.com
George,Li,george0@adventure-works.com
Yuhong,Li,yuhong0@adventure-works.com
David,Liu,david6@adventure-works.com
Jinghao,Liu,jinghao0@adventure-works.com
Kevin,Liu,kevin1@adventure-works.com
Brian,Lloyd,brian0@adventure-works.com
Kok-Ho,Loh,kok-ho0@adventure-works.com
Jose,Lugo,jose0@adventure-works.com
Vidur,Luthra,vidur0@adventure-works.com
Stuart,Macrae,stuart1@adventure-works.com
Pete,Male,pete0@adventure-works.com
Gabe,Mares,gabe0@adventure-works.com
Diane,Margheim,diane1@adventure-works.com
Benjamin,Martin,benjamin0@adventure-works.com
Mindy,Martin,mindy0@adventure-works.com
Frank,Martinez,frank3@adventure-works.com
Steve,Masters,steve0@adventure-works.com
Gigi,Matthew,gigi0@adventure-works.com
Taylor,Maxwell,taylor0@adventure-works.com
Mark,McArthur,mark1@adventure-works.com
Katie,McAskill-White,katie0@adventure-works.com
Alejandro,McGuel,alejandro0@adventure-works.com
Yvonne,McKay,yvonne0@adventure-works.com
Linda,Meisner,linda2@adventure-works.com
Susan,Metters,susan1@adventure-works.com
Ramesh,Meyyappan,ramesh0@adventure-works.com
Thomas,Michaels,thomas0@adventure-works.com
Jan,Miksovsky,jan0@adventure-works.com
Ben,Miller,ben0@adventure-works.com
Dylan,Miller,dylan0@adventure-works.com
Frank,Miller,frank1@adventure-works.com
Nitin,Mirchandani,nitin0@adventure-works.com
Shammi,Mohamed,shammi0@adventure-works.com
Suchitra,Mohan,suchitra0@adventure-works.com
Barbara,Moreland,barbara1@adventure-works.com
Linda,Moschell,linda0@adventure-works.com
Zheng,Mu,zheng0@adventure-works.com
Stuart,Munson,stuart0@adventure-works.com
Ken,Myer,ken1@adventure-works.com
Paula,Nartker,paula1@adventure-works.com
Lorraine,Nay,lorraine0@adventure-works.com
Alex,Nayberg,alex0@adventure-works.com
Merav,Netz,merav0@adventure-works.com
Belinda,Newman,belinda0@adventure-works.com
Chad,Niswonger,chad0@adventure-works.com
Laura,Norman,laura1@adventure-works.com
Chris,Norred,chris1@adventure-works.com
Fred,Northup,fred0@adventure-works.com
Tawana,Nusbaum,tawana0@adventure-works.com
Fukiko,Ogisu,fukiko0@adventure-works.com
Chris,Okelberry,chris2@adventure-works.com
David,Ortiz,david2@adventure-works.com
Michiko,Osada,michiko0@adventure-works.com
Rajesh,Patel,rajesh0@adventure-works.com
Michael,Patten,michael2@adventure-works.com
Frank,Pellow,frank2@adventure-works.com
Lori,Penor,lori1@adventure-works.com
Lionel,Penuchot,lionel0@adventure-works.com
Cristian,Petculescu,cristian0@adventure-works.com
Carol,Philips,carol0@adventure-works.com
Deborah,Poe,deborah0@adventure-works.com
Carole,Poland,carole0@adventure-works.com
Houman,Pournasseh,houman0@adventure-works.com
Chris,Preston,chris0@adventure-works.com
Michael,Raheem,michael6@adventure-works.com
Kim,Ralls,kim0@adventure-works.com
Cynthia,Randall,cynthia0@adventure-works.com
Linda,Randall,linda1@adventure-works.com
Arvind,Rao,arvind0@adventure-works.com
Simon,Rapier,simon0@adventure-works.com
Michael,Ray,michael3@adventure-works.com
Sandra,Reategui Alayo,sandra0@adventure-works.com
Randy,Reeves,randy0@adventure-works.com
Bjorn,Rettig,bjorn0@adventure-works.com
Jack,Richins,jack0@adventure-works.com
Michael,Rothkugel,michael1@adventure-works.com
Robert,Rounthwaite,robert0@adventure-works.com
Andy,Ruth,andy0@adventure-works.com
Lane,Sacksteder,lane0@adventure-works.com
Sharon,Salavaria,sharon0@adventure-works.com
Ivo,Salmre,ivo0@adventure-works.com
Raymond,Sam,raymond0@adventure-works.com
Mandar,Samant,mandar0@adventure-works.com
Prasanna,Samarawickrama,prasanna0@adventure-works.com
Ken,Sanchez,ken0@adventure-works.com
Mikael,Sandberg,mikael0@adventure-works.com
Jim,Scardelis,jim0@adventure-works.com
Mike,Seamans,mike0@adventure-works.com
Steven,Selikoff,steven0@adventure-works.com
Rostislav,Shabalin,rostislav0@adventure-works.com
Ashvini,Sharma,ashvini0@adventure-works.com
Janet,Sheperdigian,janet0@adventure-works.com
Margie,Shoop,margie0@adventure-works.com
Britta,Simon,britta0@adventure-works.com
Paul,Singh,paul1@adventure-works.com
Denise,Smith,denise0@adventure-works.com
Samantha,Smith,samantha0@adventure-works.com
Lolan,Song,lolan0@adventure-works.com
Anibal,Sousa,anibal0@adventure-works.com
Candy,Spoon,candy0@adventure-works.com
Betsy,Stadick,betsy0@adventure-works.com
Annik,Stahl,annik0@adventure-works.com
Laura,Steele,laura0@adventure-works.com
Min,Su,min0@adventure-works.com
Michael,Sullivan,michael8@adventure-works.com
Krishna,Sunkammurali,krishna0@adventure-works.com
Roberto,Tamburello,roberto0@adventure-works.com
Sameer,Tejani,sameer0@adventure-works.com
Diane,Tibbott,diane2@adventure-works.com
Danielle,Tiedt,danielle0@adventure-works.com
Hung-Fu,Ting,hung-fu0@adventure-works.com
Dragan,Tomic,dragan0@adventure-works.com
Jean,Trenary,jean0@adventure-works.com
Olinda,Turner,olinda0@adventure-works.com
Sairaj,Uddin,sairaj0@adventure-works.com
Sylvester,Valdez,sylvester0@adventure-works.com
Tom,Vande Velde,tom0@adventure-works.com
Michael,Vanderhyde,michael5@adventure-works.com
William,Vong,william0@adventure-works.com
Rob,Walters,rob0@adventure-works.com
Bryan,Walton,bryan1@adventure-works.com
Jian Shuo,Wang,jianshuo0@adventure-works.com
Jason,Watters,jason0@adventure-works.com
Patrick,Wedge,patrick0@adventure-works.com
Brian,Welcker,brian3@adventure-works.com
Jill,Williams,jill0@adventure-works.com
Dan,Wilson,dan1@adventure-works.com
John,Wood,john5@adventure-works.com
Sheela,Word,sheela0@adventure-works.com
A. Scott,Wright,ascott0@adventure-works.com
Peng,Wu,peng0@adventure-works.com
David,Yalovsky,david3@adventure-works.com
Garrett,Young,garrett0@adventure-works.com
Nuan,Yu,nuan0@adventure-works.com
Gary,Yukish,gary0@adventure-works.com
Eugene,Zabokritski,eugene0@adventure-works.com
Kimberly,Zimmerman,kimberly0@adventure-works.com
Michael,Zwilling,michael7@adventure-works.com
